{
    "accuracy": 0.7651006711409396,
    "precision": 0.7630956070732996,
    "recall": 0.7651006711409396,
    "f1": 0.757665991954777,
    "report": {
        "angular_leaf_spot": {
            "precision": 0.7115384615384616,
            "recall": 0.7551020408163265,
            "f1-score": 0.7326732673267327,
            "support": 49.0
        },
        "bean_rust": {
            "precision": 0.7631578947368421,
            "recall": 0.58,
            "f1-score": 0.6590909090909091,
            "support": 50.0
        },
        "healthy": {
            "precision": 0.8135593220338984,
            "recall": 0.96,
            "f1-score": 0.8807339449541285,
            "support": 50.0
        },
        "accuracy": 0.7651006711409396,
        "macro avg": {
            "precision": 0.762751892769734,
            "recall": 0.7650340136054421,
            "f1-score": 0.7574993737905901,
            "support": 149.0
        },
        "weighted avg": {
            "precision": 0.7630956070732996,
            "recall": 0.7651006711409396,
            "f1-score": 0.757665991954777,
            "support": 149.0
        }
    }
}