{
    "accuracy": 0.8181818181818182,
    "precision": 0.8187192118226602,
    "recall": 0.8181818181818182,
    "f1": 0.816888045540797,
    "report": {
        "angular_leaf_spot": {
            "precision": 0.7714285714285715,
            "recall": 0.8181818181818182,
            "f1-score": 0.7941176470588235,
            "support": 33.0
        },
        "bean_rust": {
            "precision": 0.8275862068965517,
            "recall": 0.7272727272727273,
            "f1-score": 0.7741935483870968,
            "support": 33.0
        },
        "healthy": {
            "precision": 0.8571428571428571,
            "recall": 0.9090909090909091,
            "f1-score": 0.8823529411764706,
            "support": 33.0
        },
        "accuracy": 0.8181818181818182,
        "macro avg": {
            "precision": 0.81871921182266,
            "recall": 0.8181818181818182,
            "f1-score": 0.816888045540797,
            "support": 99.0
        },
        "weighted avg": {
            "precision": 0.8187192118226602,
            "recall": 0.8181818181818182,
            "f1-score": 0.816888045540797,
            "support": 99.0
        }
    }
}