{
    "accuracy": 0.9494949494949495,
    "precision": 0.950070558526441,
    "recall": 0.9494949494949495,
    "f1": 0.9496387526238272,
    "report": {
        "angular_leaf_spot": {
            "precision": 0.96875,
            "recall": 0.9393939393939394,
            "f1-score": 0.9538461538461539,
            "support": 33.0
        },
        "bean_rust": {
            "precision": 0.9117647058823529,
            "recall": 0.9393939393939394,
            "f1-score": 0.9253731343283582,
            "support": 33.0
        },
        "healthy": {
            "precision": 0.9696969696969697,
            "recall": 0.9696969696969697,
            "f1-score": 0.9696969696969697,
            "support": 33.0
        },
        "accuracy": 0.9494949494949495,
        "macro avg": {
            "precision": 0.9500705585264408,
            "recall": 0.9494949494949495,
            "f1-score": 0.9496387526238274,
            "support": 99.0
        },
        "weighted avg": {
            "precision": 0.950070558526441,
            "recall": 0.9494949494949495,
            "f1-score": 0.9496387526238272,
            "support": 99.0
        }
    }
}