{
    "accuracy": 0.9393939393939394,
    "precision": 0.9398966624773076,
    "recall": 0.9393939393939394,
    "f1": 0.9390597147950089,
    "report": {
        "angular_leaf_spot": {
            "precision": 0.967741935483871,
            "recall": 0.9090909090909091,
            "f1-score": 0.9375,
            "support": 33.0
        },
        "bean_rust": {
            "precision": 0.9090909090909091,
            "recall": 0.9090909090909091,
            "f1-score": 0.9090909090909091,
            "support": 33.0
        },
        "healthy": {
            "precision": 0.9428571428571428,
            "recall": 1.0,
            "f1-score": 0.9705882352941176,
            "support": 33.0
        },
        "accuracy": 0.9393939393939394,
        "macro avg": {
            "precision": 0.9398966624773077,
            "recall": 0.9393939393939394,
            "f1-score": 0.9390597147950089,
            "support": 99.0
        },
        "weighted avg": {
            "precision": 0.9398966624773076,
            "recall": 0.9393939393939394,
            "f1-score": 0.9390597147950089,
            "support": 99.0
        }
    }
}